<?xml version="1.0" encoding="utf-8" standalone="no"?>
<CProIntegrity>
	<catalog name="[DiskHash]">		<entry name="._ASN1P.jar">
			<Algid>00008021</Algid>
			<Path>./ASN1P.jar</Path>
			<Tag>2DE913F853210AD01C936597B5DBC95868D40A8C9DC244F80517F61EC814491F</Tag>
		</entry>
		<entry name="._asn1rt.jar">
			<Algid>00008021</Algid>
			<Path>./asn1rt.jar</Path>
			<Tag>3DF733EFEE3D157FB39D950E996314919676C1F91AC7B6C3A3DBF5946B1BBE20</Tag>
		</entry>
		<entry name="._CAdES.jar">
			<Algid>00008021</Algid>
			<Path>./CAdES.jar</Path>
			<Tag>209D3D1561ABCC0313747EF3BF6BDC2661C3FBAF43C01270C91A5598C9DAC17A</Tag>
		</entry>
		<entry name="._AdES-core.jar">
			<Algid>00008021</Algid>
			<Path>./AdES-core.jar</Path>
			<Tag>EC8F424F2B6E8202AE9FFCA58C10B5CE3752F06D390366DF4913CDFE97CF18D9</Tag>
		</entry>
		<entry name="._XAdES.jar">
			<Algid>00008021</Algid>
			<Path>./XAdES.jar</Path>
			<Tag>62AE05D3859914948ED412D4B836A02453BF98C8C02A9E74E8AE7DADCE82894A</Tag>
		</entry>
		<entry name="._JCP.jar">
			<Algid>00008021</Algid>
			<Path>./JCP.jar</Path>
			<Tag>D7506D0D8EEAD6995E5E676D92091920B1C54846400233918CD45F4BDEFD6D00</Tag>
		</entry>
		<entry name="._JCPControlPane.jar">
			<Algid>00008021</Algid>
			<Path>./JCPControlPane.jar</Path>
			<Tag>0B8E9D8D1998BB449C12C39789DC5D2F82FE6DAC00D33194A03AC7D92E6A946A</Tag>
		</entry>
		<entry name="._JCPinst.jar">
			<Algid>00008021</Algid>
			<Path>./JCPinst.jar</Path>
			<Tag>C4CF8DF83588CE66172361DFFC131806FE906BD78D8475F27FFF6932A9164FC3</Tag>
		</entry>
		<entry name="._JCPinstGUI.jar">
			<Algid>00008021</Algid>
			<Path>./JCPinstGUI.jar</Path>
			<Tag>6EDDDC6DCF608889BFCEE1076D2120EE8E5EDB7A816351A5F33BFB75C1B07976</Tag>
		</entry>
		<entry name="._JCPRequest.jar">
			<Algid>00008021</Algid>
			<Path>./JCPRequest.jar</Path>
			<Tag>074E954FC227AEE3D8D296A3584DB9E7A32E02BA4334539378E9544822592196</Tag>
		</entry>
		<entry name="._JCPRevCheck.jar">
			<Algid>00008021</Algid>
			<Path>./JCPRevCheck.jar</Path>
			<Tag>5AC33AE683D0217BF7973875B0FAF2F41CDD59EBE86C2AAD728F99265D6A2D13</Tag>
		</entry>
		<entry name="._JCPRevTools.jar">
			<Algid>00008021</Algid>
			<Path>./JCPRevTools.jar</Path>
			<Tag>32F5E79E82EE0BBF1ACC71DBB71C04ACDBCF471F94158FA3EF08C259FB9B3C06</Tag>
		</entry>
		<entry name="._JCPxml.jar">
			<Algid>00008021</Algid>
			<Path>./JCPxml.jar</Path>
			<Tag>A6DF343B1D206BFB4901F4A9FBD987C0447CB71AB2AAE423F07CA31B52574A0C</Tag>
		</entry>
		<entry name="._JCryptoP.jar">
			<Algid>00008021</Algid>
			<Path>./JCryptoP.jar</Path>
			<Tag>2C938C0B0CAB9AB0304D18060A365ACCBB5A36BD10231C37FE8F2AB17188314B</Tag>
		</entry>
		<entry name="._XMLDSigRI.jar">
			<Algid>00008021</Algid>
			<Path>./XMLDSigRI.jar</Path>
			<Tag>CEECDA6CC5E600D6D2559049540E4618ADFC4BC2ED6CD39B1ABBC10436334D96</Tag>
		</entry>
		<entry name="._OCF.jar">
			<Algid>00008021</Algid>
			<Path>./OCF.jar</Path>
			<Tag>3F4DE3C226E5E4342AD7B34EA07394F7D2925198C010F39FE43834CBCA4CBAC2</Tag>
		</entry>
		<entry name="._Oscar.jar">
			<Algid>00008021</Algid>
			<Path>./Oscar.jar</Path>
			<Tag>DE425E63F1732BFA0AB547316F3348A899697325C0D83C820274F13D6DFCAC92</Tag>
		</entry>
		<entry name="._J6Oscar.jar">
			<Algid>00008021</Algid>
			<Path>./J6Oscar.jar</Path>
			<Tag>09E9EEB632227CDC52ECB5B7392843D751B443A0692512E3DE4CCD7B5F312E64</Tag>
		</entry>
		<entry name="._J6CF.jar">
			<Algid>00008021</Algid>
			<Path>./J6CF.jar</Path>
			<Tag>86403FB9248CAEEF747F057AAEA2323957BC2317E557019B5FB6CF8049A76312</Tag>
		</entry>
		<entry name="._forms_rt.jar">
			<Algid>00008021</Algid>
			<Path>./forms_rt.jar</Path>
			<Tag>803308E16BC25F148092FBD59302B0921AD2C17AC2F86DBBB0EBA2E41784597E</Tag>
		</entry>
		<entry name="._cpSSL.jar">
			<Algid>00008021</Algid>
			<Path>./cpSSL.jar</Path>
			<Tag>C1213B20F7792B861BE9A6F5C2DA280BDDE72D83FAD15F51A7F097F289D1BED3</Tag>
		</entry>
		<entry name="._samples-sources.jar">
			<Algid>00008021</Algid>
			<Path>./samples-sources.jar</Path>
			<Tag>2B6F0D981326A1AFFF11BC5E1C66F8C460E1099C6179EC47610DC19BCB7B429B</Tag>
		</entry>
		<entry name="._samples.jar">
			<Algid>00008021</Algid>
			<Path>./samples.jar</Path>
			<Tag>2A7BB62C5682C5EE6952FAAE4FDE6BD3EF7B55FBAF5F5BE335297111E1E72CB4</Tag>
		</entry>
		<entry name="._cmsutil.jar">
			<Algid>00008021</Algid>
			<Path>./cmsutil.jar</Path>
			<Tag>66720EF8563A2ADBAFB5A61A2FA13F6E70F7952BB909CC973D7630F8BC3BBB96</Tag>
		</entry>
		<entry name="._tls_proxy.jar">
			<Algid>00008021</Algid>
			<Path>./tls_proxy.jar</Path>
			<Tag>0A660EB89CBF23EE1E9AA84CBB00C1C13967A58A4459D4641FACACD8FC135C3A</Tag>
		</entry>
		<entry name="._ControlPane.sh">
			<Algid>00008021</Algid>
			<Path>./ControlPane.sh</Path>
			<Tag>E35E3DCA38F6B686805D67894504355986E5903970CFE01EC75C78F496F99F4F</Tag>
		</entry>
		<entry name="._setup_console.sh">
			<Algid>00008021</Algid>
			<Path>./setup_console.sh</Path>
			<Tag>FD4BDBD3CC15C6BD408610A960EAE310DC1D36B3339CDC626F2D86844FD3B749</Tag>
		</entry>
		<entry name="._setup_gui.sh">
			<Algid>00008021</Algid>
			<Path>./setup_gui.sh</Path>
			<Tag>379DEAAB487A4DFBCBA588F31093E81E10EE44102BC32208726EC399080FE5A8</Tag>
		</entry>
		<entry name="._ControlPane.bat">
			<Algid>00008021</Algid>
			<Path>./ControlPane.bat</Path>
			<Tag>EA1DAF6D2D8B0D791099BC900193E76BD9ACE28F27D5813C97825FDB3BDA5495</Tag>
		</entry>
		<entry name="._setup_console.bat">
			<Algid>00008021</Algid>
			<Path>./setup_console.bat</Path>
			<Tag>42BE25FE92416E4DA70DD78F6242F29B6630E6F8D44AA06787B4A7B838CEF187</Tag>
		</entry>
		<entry name="._javadoc_JCPinst-javadoc.jar">
			<Algid>00008021</Algid>
			<Path>./javadoc/JCPinst-javadoc.jar</Path>
			<Tag>79ECFADF002792C0B3EC859DD288BC028C3F0548CA9E1DFC7EBAB68CB9E67A77</Tag>
		</entry>
		<entry name="._javadoc_JCP-javadoc.jar">
			<Algid>00008021</Algid>
			<Path>./javadoc/JCP-javadoc.jar</Path>
			<Tag>7A1229041D4EA46B4C6BF3F5DB99A2632211D4D73E50404EC8E5B62B1925EE63</Tag>
		</entry>
		<entry name="._javadoc_JCryptoP-javadoc.jar">
			<Algid>00008021</Algid>
			<Path>./javadoc/JCryptoP-javadoc.jar</Path>
			<Tag>F6352AD9ACA2BF59FA848CC3BC8AA56C2081EEDDF48D30FF1462750E43C55210</Tag>
		</entry>
		<entry name="._javadoc_cpSSL-javadoc.jar">
			<Algid>00008021</Algid>
			<Path>./javadoc/cpSSL-javadoc.jar</Path>
			<Tag>7F9890D50A3A0E27E5D75A558318845E30E5457E748689F939C0BA80A724A67F</Tag>
		</entry>
		<entry name="._javadoc_JCPRequest-javadoc.jar">
			<Algid>00008021</Algid>
			<Path>./javadoc/JCPRequest-javadoc.jar</Path>
			<Tag>31AC8431CF9A6B333B7D30EEAB3119F05D0F15F5B903D3A508FFE7BB27907272</Tag>
		</entry>
		<entry name="._javadoc_JCPxml-javadoc.jar">
			<Algid>00008021</Algid>
			<Path>./javadoc/JCPxml-javadoc.jar</Path>
			<Tag>B96658F92941040D2AE45EE3156AE3848C55B9F96BE8F6ABB9B5FC362DBD31ED</Tag>
		</entry>
		<entry name="._javadoc_XMLDSigRI-javadoc.jar">
			<Algid>00008021</Algid>
			<Path>./javadoc/XMLDSigRI-javadoc.jar</Path>
			<Tag>78E5557851CA6004D0E5E1391B828CB97A4DCD490AAF58F1228BB19F6005C521</Tag>
		</entry>
		<entry name="._javadoc_CAdES-javadoc.jar">
			<Algid>00008021</Algid>
			<Path>./javadoc/CAdES-javadoc.jar</Path>
			<Tag>96A8628805460DE0A6FDA7F58ACF46D7E677486D9E21DAB6F1F3BA32EEEF1064</Tag>
		</entry>
		<entry name="._javadoc_XAdES-javadoc.jar">
			<Algid>00008021</Algid>
			<Path>./javadoc/XAdES-javadoc.jar</Path>
			<Tag>025BC243DA146C16256547DE84274A2B0C28DDCE45BB49674590366D46A6DA54</Tag>
		</entry>
		<entry name="._javadoc_OCF-javadoc.jar">
			<Algid>00008021</Algid>
			<Path>./javadoc/OCF-javadoc.jar</Path>
			<Tag>D82BCEE78EA15B158573DBF0B30CC939BE1E28E7018CE3D8C720679B2648B0D8</Tag>
		</entry>
		<entry name="._javadoc_Oscar-javadoc.jar">
			<Algid>00008021</Algid>
			<Path>./javadoc/Oscar-javadoc.jar</Path>
			<Tag>FF37F0C30215239317BB0D69C2F51DDE955D2C3A6CBA3AC7B28D659F6A3E16E3</Tag>
		</entry>
		<entry name="._javadoc_J6CF-javadoc.jar">
			<Algid>00008021</Algid>
			<Path>./javadoc/J6CF-javadoc.jar</Path>
			<Tag>712446D84AC701765C2D8320322EAD7C752161F749DA414A58BD0E137E0E8A21</Tag>
		</entry>
		<entry name="._javadoc_J6Oscar-javadoc.jar">
			<Algid>00008021</Algid>
			<Path>./javadoc/J6Oscar-javadoc.jar</Path>
			<Tag>E828CEC00FAA9EFD78FF802C279A533D41909CF2949C030B164064F15FD7910F</Tag>
		</entry>
		<entry name="._Doc_ЖТЯИ.00091-01-JCP_ЖТЯИ.00091-01 90 01. Руководство администратора безопасности.pdf">
			<Algid>00008021</Algid>
			<Path>./Doc/ЖТЯИ.00091-01-JCP/ЖТЯИ.00091-01 90 01. Руководство администратора безопасности.pdf</Path>
			<Tag>283992ECFA134EBC832E1D749EFFDC36760106AA6D2BF6A417BE767615FC204C</Tag>
		</entry>
		<entry name="._Doc_ЖТЯИ.00091-01-JCP_ЖТЯИ.00091-01 91 01. Инструкция по использованию.pdf">
			<Algid>00008021</Algid>
			<Path>./Doc/ЖТЯИ.00091-01-JCP/ЖТЯИ.00091-01 91 01. Инструкция по использованию.pdf</Path>
			<Tag>55B56665CE314D1E579521456A85EFEF2C49EB494D10BE9868179B47E6239BB5</Tag>
		</entry>
		<entry name="._Doc_ЖТЯИ.00091-01-JCP_ЖТЯИ.00091-01 33 01. Руководство программиста.pdf">
			<Algid>00008021</Algid>
			<Path>./Doc/ЖТЯИ.00091-01-JCP/ЖТЯИ.00091-01 33 01. Руководство программиста.pdf</Path>
			<Tag>62A36C0AB7845F3EC3C61E54F8AA5422F32A72A76E3E76EA8DAD6ECA26D7952B</Tag>
		</entry>
		<entry name="._Doc_ЖТЯИ.00091-01-JCP_ЖТЯИ.00091-01 33 02. Руководство программиста (модули шифрования).pdf">
			<Algid>00008021</Algid>
			<Path>./Doc/ЖТЯИ.00091-01-JCP/ЖТЯИ.00091-01 33 02. Руководство программиста (модули шифрования).pdf</Path>
			<Tag>1024EA9F8678ED0F1B6E5466D377CB3B0B9AE618F41B8FBCE764832D51E76B9E</Tag>
		</entry>
		<entry name="._Doc_ЖТЯИ.00091-01-JCP_ЖТЯИ.00091-01 33 03. Руководство программиста (JTLS).pdf">
			<Algid>00008021</Algid>
			<Path>./Doc/ЖТЯИ.00091-01-JCP/ЖТЯИ.00091-01 33 03. Руководство программиста (JTLS).pdf</Path>
			<Tag>62DE3EB9B802B46C2685D8846EDBE170DFC7CC3C76C262EF2D1CCC7407A1BE45</Tag>
		</entry>
		<entry name="._Doc_ЖТЯИ.00091-01-JCP_ЖТЯИ.00091-01 91 02. Инструкция по использованию (JTLS).pdf">
			<Algid>00008021</Algid>
			<Path>./Doc/ЖТЯИ.00091-01-JCP/ЖТЯИ.00091-01 91 02. Инструкция по использованию (JTLS).pdf</Path>
			<Tag>5B2A3A45899A6E1F7EFD89AA2F59F940AD5F8BDB03E95BEC1E76ACD32E17B64F</Tag>
		</entry>
		<entry name="._Doc_ЖТЯИ.00091-01-JCP_ЖТЯИ.00091-01 92 01. Правила пользования.pdf">
			<Algid>00008021</Algid>
			<Path>./Doc/ЖТЯИ.00091-01-JCP/ЖТЯИ.00091-01 92 01. Правила пользования.pdf</Path>
			<Tag>A738518FB2FE44695597A5254737F2F895C02E4A59437483B6BD128FE9F57500</Tag>
		</entry>
		<entry name="._Doc_Formular.pdf">
			<Algid>00008021</Algid>
			<Path>./Doc/Formular.pdf</Path>
			<Tag>FB29E8A29CE86E44246EB098AAB7A2F8E241B4585E3B422715D21FF37883C2D3</Tag>
		</entry>
		<entry name="._Doc_LicenseLoader.pdf">
			<Algid>00008021</Algid>
			<Path>./Doc/LicenseLoader.pdf</Path>
			<Tag>D5BC97B1F2B8BCC3BD5DEF992F9B4FCBFE58C633F1ED602BB992AC3287194295</Tag>
		</entry>
		<entry name="._setup.exe">
			<Algid>00008021</Algid>
			<Path>./setup.exe</Path>
			<Tag>3DA2A56CD14BA143F44E8E6CE9D4A5F1F0466356AC58F2BABAC8B7DAAE641DB0</Tag>
		</entry>
		<entry name="._cpverify.exe">
			<Algid>00008021</Algid>
			<Path>./cpverify.exe</Path>
			<Tag>30AA2260226F3DD3AD6926DDAA3D1C153FE90E0EBDE9FC1078D6DA8DBD9F88BC</Tag>
		</entry>
	</catalog>
</CProIntegrity>